alertgroup,classifier,hostname,predict_event,predict_level
Trd,RF,front2,1,1
Trd,RF,front9,1,1
Trd,RF,mdbpub1,1,1
Trd,RF,mdbpub2,1,1
Trd,RF,mdkernel6,1,1
Trd,RF,mdkernel7,1,1
Trd,RF,qkernel1,1,1
Trd,RF,qkernel2,1,1
Trd,GBDT,mdbpub1,1,1
Trd,GBDT,mdbpub2,1,1
Trd,GBDT,qkernel1,1,1
Trd,GBDT,qkernel2,1,1
Trd,KNN,mdbpub1,1,1
Trd,DT,arb,1,1
Trd,DT,front2,1,1
Trd,DT,front9,1,1
Trd,DT,mdbpub1,1,1
Trd,DT,mdbpub2,1,1
Trd,DT,mdkernel6,1,1
Trd,DT,mdkernel7,1,1
Trd,DT,qkernel1,1,1
Trd,DT,qkernel2,1,1
Trd,DT,tradebk1,1,1
